location_id,pickup_count,dropoff_count
237,21192,20527
161,19260,18555
236,18875,18975
162,13861,12780
170,13272,12621
186,12767,10324
234,12721,12606
142,12639,12655
138,12099,7564
163,11846,11502
239,11749,10348
230,10996,13863
141,9677,9389
132,9534,4393
164,9440,9145
43,9179,7386
107,8707,7529
238,8615,7891
48,8533,9442
68,8231,8223
140,8080,7952
229,7597,6739
100,7452,6789
263,7050,6417
79,6876,5984
90,6721,5560
231,6335,6223
246,5998,6833
113,5963,5408
233,5790,5587
264,5623,4938
249,5423,5327
143,5222,5014
262,5148,4790
137,4691,4685
13,4265,3809
151,3722,2969
50,3696,4404
114,3649,4079
211,3399,4338
144,3164,3550
75,3058,4541
87,3008,2469
158,2920,3814
261,2840,2098
166,2673,3108
148,2509,3050
125,2124,2120
88,1765,1680
74,1533,2681
41,1494,2101
24,1286,1128
45,970,1122
224,807,1043
209,683,861
42,636,1221
4,583,1244
65,540,631
232,453,1287
244,441,944
7,425,693
226,409,452
145,408,779
116,395,577
152,382,531
33,371,852
12,311,357
25,290,493
146,278,303
97,266,362
181,245,589
193,208,248
66,206,564
179,160,251
265,160,734
10,159,139
223,157,317
194,157,256
52,155,163
40,131,234
129,129,367
255,123,608
256,110,514
260,97,184
243,79,415
61,77,242
49,68,292
112,64,425
188,61,142
189,61,189
17,56,222
93,54,78
82,53,167
168,52,167
130,50,82
216,50,131
215,48,30
76,48,115
80,48,202
207,47,42
190,47,115
95,46,233
247,45,168
70,43,121
219,42,50
228,37,143
127,34,143
89,33,165
1,33,1194
39,32,54
37,31,186
28,30,64
195,30,195
106,30,126
225,30,160
123,29,57
134,28,64
196,26,73
159,25,52
165,23,55
14,23,148
26,22,85
213,22,50
217,21,144
83,21,67
177,20,49
62,20,74
56,19,57
191,18,47
51,17,56
197,17,52
92,17,145
15,16,26
69,15,98
34,15,54
173,15,42
35,14,50
218,14,48
220,14,109
205,13,50
133,13,59
22,13,53
182,13,40
91,13,61
54,12,51
257,12,60
185,12,26
135,12,69
36,12,105
235,12,40
202,11,99
227,11,41
222,11,27
210,11,44
157,11,64
21,11,44
29,10,44
131,10,31
198,10,65
136,10,28
86,10,17
153,10,9
149,10,39
121,10,48
72,10,61
155,9,43
139,9,26
16,9,55
71,9,52
174,9,39
208,9,32
55,9,38
241,9,39
242,9,37
178,9,22
250,8,26
203,8,34
77,8,28
60,8,19
108,8,27
32,8,26
254,8,25
160,7,66
85,7,33
128,7,12
81,7,31
67,7,30
192,7,26
119,7,66
200,6,98
18,6,30
126,6,24
167,6,37
38,6,24
63,6,28
252,6,38
169,5,32
101,5,19
171,5,49
19,5,25
122,5,14
124,4,40
11,4,12
3,4,25
8,4,4
47,4,24
259,4,22
180,4,20
212,4,20
20,4,25
94,4,10
258,3,40
183,3,4
248,3,17
31,3,22
27,3,7
102,3,30
150,3,19
9,3,19
175,3,20
73,2,16
64,2,14
98,2,34
147,2,8
78,2,36
117,2,16
240,2,6
253,2,4
154,1,6
59,1,2
206,1,6
120,1,7
201,1,15
156,1,3
53,1,34
109,1,3
30,0,2
184,0,2
251,0,1
187,0,2
214,0,6
96,0,3
221,0,5
5,0,1
46,0,12
6,0,3
118,0,5
23,0,4
111,0,1
44,0,1
176,0,1
115,0,3
245,0,2
58,0,1
204,0,1
57,0,9
