location_id,pickup_count,dropoff_count
237,21192,20527
236,18875,18975
161,19260,18555
230,10996,13863
162,13861,12780
142,12639,12655
170,13272,12621
234,12721,12606
163,11846,11502
239,11749,10348
186,12767,10324
48,8533,9442
141,9677,9389
164,9440,9145
68,8231,8223
140,8080,7952
238,8615,7891
138,12099,7564
107,8707,7529
43,9179,7386
246,5998,6833
100,7452,6789
229,7597,6739
263,7050,6417
231,6335,6223
79,6876,5984
233,5790,5587
90,6721,5560
113,5963,5408
249,5423,5327
143,5222,5014
264,5623,4938
262,5148,4790
137,4691,4685
75,3058,4541
50,3696,4404
132,9534,4393
211,3399,4338
114,3649,4079
158,2920,3814
13,4265,3809
144,3164,3550
166,2673,3108
148,2509,3050
151,3722,2969
74,1533,2681
87,3008,2469
125,2124,2120
41,1494,2101
261,2840,2098
88,1765,1680
232,453,1287
4,583,1244
42,636,1221
1,33,1194
24,1286,1128
45,970,1122
224,807,1043
244,441,944
209,683,861
33,371,852
145,408,779
265,160,734
7,425,693
65,540,631
255,123,608
181,245,589
116,395,577
66,206,564
152,382,531
256,110,514
25,290,493
226,409,452
112,64,425
243,79,415
129,129,367
97,266,362
12,311,357
223,157,317
146,278,303
49,68,292
194,157,256
179,160,251
193,208,248
61,77,242
40,131,234
95,46,233
17,56,222
80,48,202
195,30,195
189,61,189
37,31,186
260,97,184
247,45,168
168,52,167
82,53,167
89,33,165
52,155,163
225,30,160
14,23,148
92,17,145
217,21,144
228,37,143
127,34,143
188,61,142
10,159,139
216,50,131
106,30,126
70,43,121
190,47,115
76,48,115
220,14,109
36,12,105
202,11,99
200,6,98
69,15,98
26,22,85
130,50,82
93,54,78
62,20,74
196,26,73
135,12,69
83,21,67
160,7,66
119,7,66
198,10,65
28,30,64
134,28,64
157,11,64
91,13,61
72,10,61
257,12,60
133,13,59
56,19,57
123,29,57
51,17,56
16,9,55
165,23,55
34,15,54
39,32,54
22,13,53
71,9,52
197,17,52
159,25,52
54,12,51
205,13,50
35,14,50
219,42,50
213,22,50
171,5,49
177,20,49
218,14,48
121,10,48
191,18,47
29,10,44
210,11,44
21,11,44
155,9,43
207,47,42
173,15,42
227,11,41
124,4,40
258,3,40
235,12,40
182,13,40
174,9,39
241,9,39
149,10,39
55,9,38
252,6,38
167,6,37
242,9,37
78,2,36
203,8,34
98,2,34
53,1,34
85,7,33
169,5,32
208,9,32
131,10,31
81,7,31
18,6,30
102,3,30
67,7,30
215,48,30
77,8,28
136,10,28
63,6,28
108,8,27
222,11,27
15,16,26
139,9,26
250,8,26
185,12,26
32,8,26
192,7,26
3,4,25
19,5,25
20,4,25
254,8,25
47,4,24
126,6,24
38,6,24
31,3,22
178,9,22
259,4,22
180,4,20
212,4,20
175,3,20
101,5,19
60,8,19
150,3,19
9,3,19
248,3,17
86,10,17
73,2,16
117,2,16
201,1,15
64,2,14
122,5,14
11,4,12
46,0,12
128,7,12
94,4,10
153,10,9
57,0,9
147,2,8
27,3,7
120,1,7
154,1,6
214,0,6
206,1,6
240,2,6
221,0,5
118,0,5
8,4,4
183,3,4
23,0,4
253,2,4
96,0,3
6,0,3
156,1,3
115,0,3
109,1,3
30,0,2
59,1,2
184,0,2
187,0,2
245,0,2
251,0,1
5,0,1
111,0,1
44,0,1
176,0,1
58,0,1
204,0,1
